{
  "train_score": 0.7937793585246182,
  "test_score": -0.9309069418984075,
  "mae": 9.372401666666669,
  "rmse": 10.733892344359575,
  "r2": -0.930906941898406,
  "feature_importance": {
    "region": 0.41840631974633524,
    "crop_type": 0.2600983155643382,
    "quantity_kg": 0.1758997543126688,
    "month": 0.0679365726637173,
    "season": 0.04932503639002868
  },
  "timestamp": "2026-02-15T00:10:55.492396"
}